"6","Libro6","5","Libro5"
"5","Libro5","7","Libro7"
"7","Libro7","8","Video8"
"8","Video8","6","Libro6"
"6","Libro6","5","Libro5"
"6","Libro6","8","Video8"
"5","Libro5","7","Libro7"
"6","Libro6","5","Libro5"
"6","Libro6","8","Video8"
"5","Libro5","7","Libro7"
"5","Libro5","8","Video8"
"8","Video8","5","Libro5"
"6","Libro6","5","Libro5"
"7","Libro7","6","Libro6"
"8","Video8","7","Libro7"
"6","Libro6","7","Libro7"
"7","Libro7","8","Video8"
"8","Video8","5","Libro5"
"8","Video8","7","Libro7"
"7","Libro7","5","Libro5"
"5","Libro5","6","Libro6"
"10","Video10","10","Video10"
"6","Libro6","10","Video10"
